"project";"github_url"
"Navigation-brov2";"https://github.com/bjornrho/Navigation-brov2.git"
"robolib";"https://github.com/roboscienceorg/robolib.git"
"Select-ROS2";"https://github.com/efc-robot/Select-ROS2.git"
"mechaship";"https://github.com/mechasolution/mechaship.git"
"solar-ros";"https://github.com/cocisran/solar-ros.git"
"ros-bridge";"https://github.com/carla-simulator/ros-bridge.git"
"turtle_control_ros2";"https://github.com/christianpfitzner/turtle_control_ros2.git"
"robot_ws_f";"https://github.com/halfseal/robot_ws_f.git"
"ros2rnet";"https://github.com/MarqRazz/ros2rnet.git"
"MEAM-517-Project";"https://github.com/Aadith-Kumar/MEAM-517-Project.git"
"VAUV-simulator";"https://github.com/VorteX-co/VAUV-simulator.git"
"merlin2";"https://github.com/MERLIN2-ARCH/merlin2.git"
"MAPs";"https://github.com/abmoRobotics/MAPs.git"
"multi_robot_trainer";"https://github.com/zmk5/multi_robot_trainer.git"
"r2b2-base";"https://github.com/sheaffej/r2b2-base.git"
"ros-slope-estimation";"https://github.com/rosblox/ros-slope-estimation.git"
"project-bicopter";"https://github.com/cmb87/project-bicopter.git"
"boom_bot";"https://github.com/boom-robot/boom_bot.git"
"industrial_training";"https://github.com/ros-industrial/industrial_training.git"
"EN613-introduction-to-robotics";"https://github.com/nattyroe/EN613-introduction-to-robotics.git"
"ros2-beginner";"https://github.com/dotprestto/ros2-beginner.git"
"ron";"https://github.com/rnvandemark/ron.git"
"aprs";"https://github.com/saahu27/aprs.git"
"ROS-LLM";"https://github.com/Auromix/ROS-LLM.git"
"Rob-tica_movil_logica_difusa";"https://github.com/JaimeIngenia/Rob-tica_movil_logica_difusa.git"
"ros2_workspace";"https://github.com/ihuicatl/ros2_workspace.git"
"RoboticsAcademy";"https://github.com/JdeRobot/RoboticsAcademy.git"
"carla_vloc_benchmark";"https://github.com/lasuomela/carla_vloc_benchmark.git"
"epsrc-controller";"https://github.com/mrjoe3012/epsrc-controller.git"
"snippets";"https://github.com/HiroIshida/snippets.git"
"cabot";"https://github.com/CMU-cabot/cabot.git"
"robotics_algorithms";"https://github.com/ManuelZ/robotics_algorithms.git"
"ros2_study";"https://github.com/ggh-png/ros2_study.git"
"snakey_control";"https://github.com/marcellagi/snakey_control.git"
"cloudy";"https://github.com/robolaunch/cloudy.git"
"HEXAPOD";"https://github.com/revalew/HEXAPOD.git"
"field_robot";"https://github.com/fieldrobot/field_robot.git"
"moveit2_tutorials";"https://github.com/ros-planning/moveit2_tutorials.git"
"happymimi_recognition2";"https://github.com/KIT-Happy-Robot/happymimi_recognition2.git"
"micro_ros_quad_ws";"https://github.com/reubenstr/micro_ros_quad_ws.git"
"acceleration_examples";"https://github.com/ros-acceleration/acceleration_examples.git"
"happymini_ros2";"https://github.com/demulab/happymini_ros2.git"
"ros2-development";"https://github.com/HenryZhuHR/ros2-development.git"
"ros2_basics_python";"https://github.com/enhatem/ros2_basics_python.git"
"webots_ws";"https://github.com/Thxssio/webots_ws.git"
"moveit2";"https://github.com/ros-planning/moveit2.git"
"kmriiwa_ws";"https://github.com/ninamwa/kmriiwa_ws.git"
"python_interface";"https://github.com/javilinos/python_interface.git"
"ros2_documentation";"https://github.com/ros2/ros2_documentation.git"
"Catch2023_hichewns";"https://github.com/KeioRoboticsAssociation/Catch2023_hichewns.git"
"rosserial2";"https://github.com/celidur/rosserial2.git"
"f1tenth_rrtstar";"https://github.com/architnh/f1tenth_rrtstar.git"
"driving_log_replayer";"https://github.com/tier4/driving_log_replayer.git"
"training_modules";"https://github.com/shantanuparabumd/training_modules.git"
"ROS2_NLP";"https://github.com/EIC-ROS/ROS2_NLP.git"
"SCR-SWC-22";"https://github.com/SoonerRobotics/SCR-SWC-22.git"
"lego-mindstorms-prototype-framework";"https://github.com/ReykCS/lego-mindstorms-prototype-framework.git"
"ros2eloquent_catkin_ws";"https://github.com/iamrajee/ros2eloquent_catkin_ws.git"
"darwin-ach";"https://github.com/thedancomplex/darwin-ach.git"
"agora_robotics";"https://github.com/27Apoorva/agora_robotics.git"
"fruit_collectors";"https://github.com/davidwxy62/fruit_collectors.git"
"uwb-cooperative-mrs-localization";"https://github.com/TIERS/uwb-cooperative-mrs-localization.git"
"ros2ttac3";"https://github.com/Shikito/ros2ttac3.git"
"humanoid_league_misc";"https://github.com/bit-bots/humanoid_league_misc.git"
"stretch_ros2";"https://github.com/hello-robot/stretch_ros2.git"
"gym_gazebo_kinetic";"https://github.com/zhaolongkzz/gym_gazebo_kinetic.git"
"panda_gripper_action_client";"https://github.com/peterdavidfagan/panda_gripper_action_client.git"
"av-ros-gym";"https://github.com/fahmyadan/av-ros-gym.git"
"Coop-SLAM";"https://github.com/danilogsch/Coop-SLAM.git"
"ImprobotProject";"https://github.com/Aniello98/ImprobotProject.git"
"ROS";"https://github.com/hfz-Nick/ROS.git"
"sensus-loci";"https://github.com/ramajoballester/sensus-loci.git"
"navigation2_tutorials";"https://github.com/ros-planning/navigation2_tutorials.git"
"unity_pioneer";"https://github.com/pac48/unity_pioneer.git"
"tutorials-python";"https://github.com/sakha002/tutorials-python.git"
"webots_ros2_spot_2";"https://github.com/BruceXing24/webots_ros2_spot_2.git"
"holohover";"https://github.com/RSchwan/holohover.git"
"Omron_AMR_ROS2";"https://github.com/OmronAPAC/Omron_AMR_ROS2.git"
"spatial-topology-teleoperation";"https://github.com/TypingCat/spatial-topology-teleoperation.git"
"nsuROSlabs";"https://github.com/FedorTikunov/nsuROSlabs.git"
"roscon_workshop";"https://github.com/open-rmf/roscon_workshop.git"
"fr3_ws";"https://github.com/jfernandez37/fr3_ws.git"
"atlas-pushup";"https://github.com/fredevb/atlas-pushup.git"
"ProjectMarch";"https://github.com/project-march/ProjectMarch.git"
"Study";"https://github.com/enrhd24/Study.git"
"magician_ros2";"https://github.com/jkaniuka/magician_ros2.git"
"grepros";"https://github.com/suurjaak/grepros.git"
"tello_commander";"https://github.com/khulqu15/tello_commander.git"
"metalbot";"https://github.com/FastSense/metalbot.git"
"ROS2_Unity";"https://github.com/PXLRoboticsLab/ROS2_Unity.git"
"navigation2";"https://github.com/ros-planning/navigation2.git"
"adeeptcar";"https://github.com/SaraPettinari/adeeptcar.git"
"umkc_mpc_ros";"https://github.com/jn89b/umkc_mpc_ros.git"
"rvr-image-tracking";"https://github.com/Yoruio/rvr-image-tracking.git"
"akros2_drive";"https://github.com/adityakamath/akros2_drive.git"
"yolov8_ros";"https://github.com/mgonzs13/yolov8_ros.git"
"avte.autoware_universe";"https://github.com/leo-drive/avte.autoware_universe.git"
"teleop_gesture_toolbox";"https://github.com/imitrob/teleop_gesture_toolbox.git"
"ros2-nav2-example";"https://github.com/ncdejito/ros2-nav2-example.git"
"CSE598";"https://github.com/ViscaElAyush/CSE598.git"
"elfin_robot_ros2";"https://github.com/hans-robot/elfin_robot_ros2.git"
"PolyVerif";"https://github.com/MaheshM99/PolyVerif.git"
"ros2_control";"https://github.com/ros-controls/ros2_control.git"
"robot-framework-py";"https://github.com/dasc-lab/robot-framework-py.git"
"lincore";"https://github.com/2023M6T2-Inteli/lincore.git"
"5g_drone_ROS2";"https://github.com/SemvdH/5g_drone_ROS2.git"
"M6";"https://github.com/IgorSFG/M6.git"
"nicobot";"https://github.com/raul2222/nicobot.git"
"robotics-workshop";"https://github.com/Ordina-Group/robotics-workshop.git"
"learn_ros2_code";"https://github.com/xiaohongred/learn_ros2_code.git"
"Repo09_SOFAR-assignment";"https://github.com/LaRambla20/Repo09_SOFAR-assignment.git"
"graphviz_visualizer";"https://github.com/lFatality/graphviz_visualizer.git"
"Capstone_libraryrobot";"https://github.com/jwyeeh-dev/Capstone_libraryrobot.git"
"pylrauv";"https://github.com/mttga/pylrauv.git"
"DSC190_SP23_Team_EKFIMU";"https://github.com/Triton-AI/DSC190_SP23_Team_EKFIMU.git"
"ROS2-Workspaces";"https://github.com/Shivans-Awasthi/ROS2-Workspaces.git"
"Virtuoso";"https://github.com/gt-marine-robotics-group/Virtuoso.git"
"automatic_arc_melting_system";"https://github.com/qwe789qwec/automatic_arc_melting_system.git"
"joyride-ros-main";"https://github.com/osu-igvc/joyride-ros-main.git"
"Robotik";"https://github.com/Minhtran-kiel/Robotik.git"
"numato_relay";"https://github.com/clearpathrobotics/numato_relay.git"
"lonewolf";"https://github.com/sigridmellemseter/lonewolf.git"
"Learning_ROS2";"https://github.com/AtharvaWani3/Learning_ROS2.git"
"ada_feeding";"https://github.com/personalrobotics/ada_feeding.git"
"trsa_lab1";"https://github.com/philipsltd/trsa_lab1.git"
"vrx";"https://github.com/osrf/vrx.git"
"TINLAS";"https://github.com/cyborgdennett/TINLAS.git"
"ros-gst-bridge";"https://github.com/BrettRD/ros-gst-bridge.git"
"ROS2-Projects";"https://github.com/mahmoudahmedibrahim5/ROS2-Projects.git"
"eml4842_gps_nav";"https://github.com/av-mae-uf/eml4842_gps_nav.git"
"free_fleet";"https://github.com/open-rmf/free_fleet.git"
"audio_driver";"https://github.com/eve-autonomy/audio_driver.git"
"ros2_unification_2019";"https://github.com/sequenceplanner/ros2_unification_2019.git"
"ros2_humble";"https://github.com/yinloonga/ros2_humble.git"
"carla_shenlan_planning_control_automated_vehicle";"https://github.com/WangwangZhu/carla_shenlan_planning_control_automated_vehicle.git"
"Wifibot-Project-5A";"https://github.com/Greg7900/Wifibot-Project-5A.git"
"ManualRoverControlSystem";"https://github.com/GonzagaRobotics/ManualRoverControlSystem.git"
"gcamp_ros2_basic";"https://github.com/Road-Balance/gcamp_ros2_basic.git"
"manipulator_project";"https://github.com/JooYeonO/manipulator_project.git"
"image_path_planning";"https://github.com/SuryaKannan/image_path_planning.git"
"aware";"https://github.com/LuisLechugaRuiz/aware.git"
"ubr_reloaded";"https://github.com/mikeferguson/ubr_reloaded.git"
"practica-solar";"https://github.com/cocisran/practica-solar.git"
"A2";"https://github.com/AditJainn/A2.git"
"playground";"https://github.com/adeeb10abbas/playground.git"
"ECE4191-Team-13-ROS";"https://github.com/David-Helmerson/ECE4191-Team-13-ROS.git"
"ball_tracker";"https://github.com/joshnewans/ball_tracker.git"
"blind_assistance";"https://github.com/bogimaneeshkumar/blind_assistance.git"
"PixelBot";"https://github.com/RomainMaure/PixelBot.git"
"sub_behavior";"https://github.com/berkeleyauv/sub_behavior.git"
"ROS_Learning_From_SkillShare";"https://github.com/Safat99/ROS_Learning_From_SkillShare.git"
"mavros";"https://github.com/mavlink/mavros.git"
"ros2-px4-spiral-aruco-waypoint-method";"https://github.com/wukongxzero/ros2-px4-spiral-aruco-waypoint-method.git"
"comprobo_self_driving";"https://github.com/krish-suresh/comprobo_self_driving.git"
"SoftRobots";"https://github.com/SofaDefrost/SoftRobots.git"
"rc_reason_clients_ros2";"https://github.com/roboception/rc_reason_clients_ros2.git"
"ROS-notes";"https://github.com/IrumaMegumi/ROS-notes.git"
"ros2relay";"https://github.com/tlagore/ros2relay.git"
"AS2Mission";"https://github.com/alcorpas10/AS2Mission.git"
"answers";"https://github.com/AI-Robot-Book/answers.git"
"RoverPC";"https://github.com/mjwhite8119/RoverPC.git"
"driving_swarm_infrastructure";"https://github.com/ovgu-FINken/driving_swarm_infrastructure.git"
"test_sejong";"https://github.com/freshmea/test_sejong.git"
"F1Tenth-Adaptive-Planning-with-Model-Predictive-Control";"https://github.com/Ruchi-Gupte/F1Tenth-Adaptive-Planning-with-Model-Predictive-Control.git"
"turtlebot3_behavior_demos";"https://github.com/sea-bass/turtlebot3_behavior_demos.git"
"vrp";"https://github.com/Bogdanov-am/vrp.git"
"MOTION-Mission-Computing";"https://github.com/NEU-Project-MOTION/MOTION-Mission-Computing.git"
"dorna_example";"https://github.com/sequenceplanner/dorna_example.git"
"BlogSharingCode";"https://github.com/lacie-life/BlogSharingCode.git"
"spl-release";"https://github.com/LARG/spl-release.git"
"rclpy";"https://github.com/ros2/rclpy.git"
"FogROS2";"https://github.com/BerkeleyAutomation/FogROS2.git"
"ros2_tobii_glasses2";"https://github.com/enunezs/ros2_tobii_glasses2.git"
"UNITOME";"https://github.com/Rajat-Morphle/UNITOME.git"
"Getting-Started-with-ROS2-TurtleSim-and-Python";"https://github.com/htil/Getting-Started-with-ROS2-TurtleSim-and-Python.git"
"adv_robotics";"https://github.com/ipleiria-robotics/adv_robotics.git"
"DNFmasters22-23";"https://github.com/jajep18/DNFmasters22-23.git"
"Hiwonder_xArm_ESP32";"https://github.com/migsdigs/Hiwonder_xArm_ESP32.git"
"stair_detection_ros";"https://github.com/nimiCurtis/stair_detection_ros.git"
"ros2_control_demo_3r_robot";"https://github.com/kittinook/ros2_control_demo_3r_robot.git"
"unicorn_drivers";"https://github.com/sequenceplanner/unicorn_drivers.git"
"tiny_hawk";"https://github.com/CabrilloRoboticsClub/tiny_hawk.git"
"Plankton";"https://github.com/Liquid-ai/Plankton.git"
"lanefollowing";"https://github.com/lgsvl/lanefollowing.git"
"BOOST";"https://github.com/RIVeR-Lab/BOOST.git"
"chatgpt_ros";"https://github.com/chinaheyu/chatgpt_ros.git"
"auto_nav";"https://github.com/TurtleBot-EG2310-NUS/auto_nav.git"
"task_planning";"https://github.com/NanyangBot/task_planning.git"
"gokart-simulation";"https://github.com/mlab-upenn/gokart-simulation.git"
"ARIAC";"https://github.com/usnistgov/ARIAC.git"
"eYRC-2023-24";"https://github.com/RNCManipal/eYRC-2023-24.git"
"Capstone_aedbot";"https://github.com/Kwon-SeungWon/Capstone_aedbot.git"
"WindowFrame";"https://github.com/Team488/WindowFrame.git"
"py_trees_ros_tutorials";"https://github.com/splintered-reality/py_trees_ros_tutorials.git"
"Dailybot_GUI";"https://github.com/DailyNir/Dailybot_GUI.git"
"CRATER_GRADER";"https://github.com/CraterGrader/CRATER_GRADER.git"
"Spearhead_Payloads";"https://github.com/msstateACosby/Spearhead_Payloads.git"
"ros2-foxy-wearable-biosensors";"https://github.com/SMARTlab-Purdue/ros2-foxy-wearable-biosensors.git"
"ROSGPT_Vision";"https://github.com/bilel-bj/ROSGPT_Vision.git"
"ros2_ws2812";"https://github.com/CyberDNS/ros2_ws2812.git"
"chapter6";"https://github.com/AI-Robot-Book/chapter6.git"
"VRRoboController";"https://github.com/JvanderKaaij/VRRoboController.git"
"gps_waypoint_publisher";"https://github.com/iscumd/gps_waypoint_publisher.git"
"ros-i-training";"https://github.com/mfahaduetian/ros-i-training.git"
"ros2_ex";"https://github.com/srborse10/ros2_ex.git"
"unity-ros2-vscode-template";"https://github.com/gbattra/unity-ros2-vscode-template.git"
"Roboticks";"https://github.com/markusLons/Roboticks.git"
"get-started-ros2";"https://github.com/youtalk/get-started-ros2.git"
"SJSU-ANS_DeepRacer";"https://github.com/Hochstadt/SJSU-ANS_DeepRacer.git"
"learning";"https://github.com/pacificlion/learning.git"
"ROS2_lidar2gspreadsheet";"https://github.com/Chotaro-0322/ROS2_lidar2gspreadsheet.git"
"YOLOX-ROS";"https://github.com/Ar-Ray-code/YOLOX-ROS.git"
"Robotics";"https://github.com/agungreynaldiii/Robotics.git"
"mythesis_2022";"https://github.com/silveryu1999/mythesis_2022.git"
"bumper-cars";"https://github.com/brb591/bumper-cars.git"
"ativ2-m8";"https://github.com/henriquemarlon/ativ2-m8.git"
"Collision-Avoidance-RB5";"https://github.com/globaledgesoft/Collision-Avoidance-RB5.git"
"AMP_ASSv3";"https://github.com/Autonomous-Motorsports-Purdue/AMP_ASSv3.git"
"aws-robomaker-sample-application-cloudwatch";"https://github.com/husarion/aws-robomaker-sample-application-cloudwatch.git"
"motion_capture";"https://github.com/kev1nCh1u/motion_capture.git"
"ros2_course_packages";"https://github.com/riotu-lab/ros2_course_packages.git"
"franka_obstacle_avoidance";"https://github.com/hubernikus/franka_obstacle_avoidance.git"
"CalPoly_AGV";"https://github.com/CamRW/CalPoly_AGV.git"
"ROS-OBJECT-CLASSIFICATION";"https://github.com/Zeysthingz/ROS-OBJECT-CLASSIFICATION.git"
"FW_Control";"https://github.com/dmj17b/FW_Control.git"
"humble-focal-edna-deps";"https://github.com/RoboEagles4828/humble-focal-edna-deps.git"
"ros2_rotary_encoder";"https://github.com/klintan/ros2_rotary_encoder.git"
"AR_HT_01";"https://github.com/AppliedRobotics/AR_HT_01.git"
"Projects";"https://github.com/pranavpshah/Projects.git"
"ros2_test_prover";"https://github.com/fujitatomoya/ros2_test_prover.git"
"ros2_turtlesim_control";"https://github.com/tchoopojcharoen/ros2_turtlesim_control.git"
"ARTIV";"https://github.com/shinkansan/ARTIV.git"
"rerun";"https://github.com/rerun-io/rerun.git"
"agen";"https://github.com/Stahldavid/agen.git"
"Simple_ROS_Unity";"https://github.com/JvanderKaaij/Simple_ROS_Unity.git"
"visual-umbrella";"https://github.com/visual-umbrella/visual-umbrella.git"
"amos2022ss03-turtlebot-fleet-management";"https://github.com/amosproj/amos2022ss03-turtlebot-fleet-management.git"
"CPMR3";"https://github.com/YorkCFR/CPMR3.git"
"rmf_99";"https://github.com/daichuihua/rmf_99.git"
"multi-robot-playground";"https://github.com/dkhoanguyen/multi-robot-playground.git"
"d2lros2-humble-code";"https://github.com/fishros/d2lros2-humble-code.git"
"ChoiRbot";"https://github.com/OPT4SMART/ChoiRbot.git"
"robokonn";"https://github.com/cannot-fly-pig/robokonn.git"
"rov-23";"https://github.com/cwruRobotics/rov-23.git"
"mindrove-gesture-recognition";"https://github.com/roboticslab-uc3m/mindrove-gesture-recognition.git"
"ponderada-4";"https://github.com/HallZero/ponderada-4.git"
"py_trees_ros";"https://github.com/splintered-reality/py_trees_ros.git"
"yolov5_ros2";"https://github.com/fishros/yolov5_ros2.git"
"robotic_arm_environment";"https://github.com/dvalenciar/robotic_arm_environment.git"
"MAES";"https://github.com/DEIS-Tools/MAES.git"
"JetsonCVWR";"https://github.com/vkumarsinghnoida/JetsonCVWR.git"
"Deep-Learning-for-Multi-Robotics";"https://github.com/HusseinLezzaik/Deep-Learning-for-Multi-Robotics.git"
"lbriiwa";"https://github.com/bingogome/lbriiwa.git"
"project_crazyflie";"https://github.com/aerostack2/project_crazyflie.git"
"cobots";"https://github.com/arvidsorfeldt/cobots.git"
"scootbot";"https://github.com/teknetik/scootbot.git"
"cupoch";"https://github.com/neka-nat/cupoch.git"
"zed_ros2_driver";"https://github.com/bnbhat/zed_ros2_driver.git"
"depthai";"https://github.com/luxonis/depthai.git"
"me134";"https://github.com/CBlagden/me134.git"
"robotics-blog-k8s";"https://github.com/canonical/robotics-blog-k8s.git"
"test_repo";"https://github.com/thomas-moulard/test_repo.git"
"Hack11";"https://github.com/zehdari/Hack11.git"
"Ros2_humble_Pick_Place_Object_Detection";"https://github.com/Ganesh200010/Ros2_humble_Pick_Place_Object_Detection.git"
"ROS2ControlDrive";"https://github.com/KaranpreetRaja/ROS2ControlDrive.git"
"ros2_demo_pubsub";"https://github.com/niksacdev/ros2_demo_pubsub.git"
"reachy_2023";"https://github.com/pollen-robotics/reachy_2023.git"
"necst";"https://github.com/necst-telescope/necst.git"
"pc_pipe";"https://github.com/jacobperron/pc_pipe.git"
"sgba-webots2.0";"https://github.com/TomoCoder123/sgba-webots2.0.git"
"Rabbit_robocon2023";"https://github.com/Robocon2023-ITC01-ws/Rabbit_robocon2023.git"
"sciencebot";"https://github.com/lucastliu/sciencebot.git"
"ros2_students";"https://github.com/frdedynamics/ros2_students.git"
"Capstone-2023";"https://github.com/WillWu88/Capstone-2023.git"
"Robocik_zadanie_rekrutacyjne";"https://github.com/dominikkorwek/Robocik_zadanie_rekrutacyjne.git"
"terra_ros2";"https://github.com/Jbwasse2/terra_ros2.git"
"ros2_universal";"https://github.com/Anaple/ros2_universal.git"
"autoware.universe";"https://github.com/autowarefoundation/autoware.universe.git"
"catholic_test";"https://github.com/freshmea/catholic_test.git"
"opencaret";"https://github.com/frk2/opencaret.git"
"Number-Writing-Manipulator-implemented-using-ROS-and-Gazebo-";"https://github.com/Pranav-Nexus/Number-Writing-Manipulator-implemented-using-ROS-and-Gazebo-.git"
"fonbot_ros";"https://github.com/Hackafon/fonbot_ros.git"
"robocup-software";"https://github.com/RoboJackets/robocup-software.git"
"AMR_Robile_Team2";"https://github.com/Shaxpy/AMR_Robile_Team2.git"
"turtlebot3_mapper";"https://github.com/autonomous-robots/turtlebot3_mapper.git"
"executive_smach";"https://github.com/ros/executive_smach.git"
"robotics-prototype";"https://github.com/space-concordia-robotics/robotics-prototype.git"
"modu_lab_partner_bot";"https://github.com/songdaegeun/modu_lab_partner_bot.git"
"barc_lite";"https://github.com/MPC-Berkeley/barc_lite.git"
"RCv2";"https://github.com/odbee/RCv2.git"
"M6-Inteli-Robot-Simulation";"https://github.com/amandafontes/M6-Inteli-Robot-Simulation.git"
"diffbot";"https://github.com/citros-garden/diffbot.git"
"yahboom_ramel";"https://github.com/Cesarq19/yahboom_ramel.git"
"aoi-turtlebot3_ws";"https://github.com/oss-fun/aoi-turtlebot3_ws.git"
"ros2_robot";"https://github.com/BognarZsombor/ros2_robot.git"
"jetbot_ros";"https://github.com/dusty-nv/jetbot_ros.git"
"VoitureAutonome";"https://github.com/InnovationLab-EFREIParis/VoitureAutonome.git"
"point_cloud_registration";"https://github.com/Marina-Banov/point_cloud_registration.git"
"2D-Test-Track-Planner";"https://github.com/Edipo3098/2D-Test-Track-Planner.git"
"uwb_ranging";"https://github.com/HaoFangHowFun/uwb_ranging.git"
"lidar_transforms";"https://github.com/RobotToy/lidar_transforms.git"
"ros2_data_collection";"https://github.com/Minipada/ros2_data_collection.git"
"wrapyfi";"https://github.com/fabawi/wrapyfi.git"
"airchair";"https://github.com/michaeljenkin/airchair.git"
"QUTMS_Driverless";"https://github.com/QUT-Motorsport/QUTMS_Driverless.git"
"drake-ros";"https://github.com/RobotLocomotion/drake-ros.git"
"ros2_for_beginners_code";"https://github.com/homalozoa/ros2_for_beginners_code.git"
"mindrove_gesture_recognition";"https://github.com/sofiahernandezp/mindrove_gesture_recognition.git"
"f1tenth_ros2_algorithms";"https://github.com/ibrahimsel/f1tenth_ros2_algorithms.git"
"VISION";"https://github.com/DGIST-ARTIV/VISION.git"
"nicegui";"https://github.com/zauberzeug/nicegui.git"
"turtlebotAly";"https://github.com/alyssoncastro/turtlebotAly.git"
"template_python_node";"https://github.com/frcteam195/template_python_node.git"
"Control-Planning";"https://github.com/DGIST-ARTIV/Control-Planning.git"
"mineros";"https://github.com/AscendNTNU/mineros.git"
"ROS-2";"https://github.com/DucTrung1802/ROS-2.git"
"rrt_exploration";"https://github.com/robosoft-ai/rrt_exploration.git"
"NavGuru";"https://github.com/somedamnauthor/NavGuru.git"
"jetson-voice";"https://github.com/dusty-nv/jetson-voice.git"
"ROS2-snippets";"https://github.com/tlpss/ROS2-snippets.git"
"CompRoboWarmup2023";"https://github.com/mtong1/CompRoboWarmup2023.git"
"youtube";"https://github.com/nickredsox/youtube.git"
"ROS2_basic";"https://github.com/Ranish-Devkota/ROS2_basic.git"
"robomaster_ros";"https://github.com/jeguzzi/robomaster_ros.git"
"optical_flow_ros2";"https://github.com/phuwanat-vg/optical_flow_ros2.git"
"lift_kone_opccontroller";"https://github.com/chart-sg/lift_kone_opccontroller.git"
"robotiq_2f_urcap_adapter";"https://github.com/fzi-forschungszentrum-informatik/robotiq_2f_urcap_adapter.git"
"ros2_openvino_toolkit";"https://github.com/intel/ros2_openvino_toolkit.git"
"Robotics_AMR";"https://github.com/ArrowElectronics/Robotics_AMR.git"
"ROS2-Ultimate-Course-for-Beginners";"https://github.com/noshluk2/ROS2-Ultimate-Course-for-Beginners.git"
"RTK_GPS_NTRIP";"https://github.com/olvdhrm/RTK_GPS_NTRIP.git"
"ROS2";"https://github.com/jugaloza/ROS2.git"
"opendr";"https://github.com/opendr-eu/opendr.git"
"robologics_brause";"https://github.com/mose1020/robologics_brause.git"
"ros2_sorting";"https://github.com/james-gloudemans/ros2_sorting.git"
"racecar-prateekakula";"https://github.com/MITLLRacecar/racecar-prateekakula.git"
"Thesis-ROS2-General";"https://github.com/anabeldilab/Thesis-ROS2-General.git"
"ros2_video_streamer";"https://github.com/klintan/ros2_video_streamer.git"
"RobotTools";"https://github.com/Worthington-Robotics/RobotTools.git"
"ros2_controllers";"https://github.com/ros-controls/ros2_controllers.git"
"waGrandPrix";"https://github.com/WisconsinAutonomous/waGrandPrix.git"
"ROS2_other_small_projects";"https://github.com/Mateoswiatek/ROS2_other_small_projects.git"
"clober_free_fleet";"https://github.com/CLOBOT-Co-Ltd/clober_free_fleet.git"
"fgsp";"https://github.com/ethz-asl/fgsp.git"
"deit";"https://github.com/open-shade/deit.git"
"offseason2023";"https://github.com/RoboEagles4828/offseason2023.git"
"main_HD_workspace";"https://github.com/EPFLXplore/main_HD_workspace.git"
"sbg_ins_with_ntrip";"https://github.com/OriginalPou/sbg_ins_with_ntrip.git"
"picky_robot";"https://github.com/Kukanani/picky_robot.git"
"lsm9ds0_ros";"https://github.com/norlab-ulaval/lsm9ds0_ros.git"
"parallel_parameter_search";"https://github.com/bit-bots/parallel_parameter_search.git"
"Krakenvolution";"https://github.com/LesmusTrompiz/Krakenvolution.git"
"pyrobosim";"https://github.com/sea-bass/pyrobosim.git"
"LunaboticsBurm";"https://github.com/Tobetoflipb/LunaboticsBurm.git"
"raven";"https://github.com/wimblerobotics/raven.git"
"MARV-ROS";"https://github.com/CASE-Lab/MARV-ROS.git"
"Athena-LattePanda-Code";"https://github.com/kukkineko/Athena-LattePanda-Code.git"
"navigation2_ignition_gazebo_example";"https://github.com/art-e-fact/navigation2_ignition_gazebo_example.git"
"module89";"https://github.com/teerameth/module89.git"
"Elephant_robocon2023";"https://github.com/Robocon2023-ITC01-ws/Elephant_robocon2023.git"
"kinova_control";"https://github.com/jerrywrx/kinova_control.git"
"bezier-curve-path-planning";"https://github.com/Teak-Rosewood/bezier-curve-path-planning.git"
"Cobra-Driver";"https://github.com/zzhou292/Cobra-Driver.git"
"webots_ros2";"https://github.com/cyberbotics/webots_ros2.git"
"Create3_ROS2_Intro";"https://github.com/paccionesawyer/Create3_ROS2_Intro.git"
"spring-2023-final-project-team-6";"https://github.com/UCSD-ECEMAE-148/spring-2023-final-project-team-6.git"
"stingray_web_bridge";"https://github.com/hydronautics-team/stingray_web_bridge.git"
"slam2d";"https://github.com/wis003/slam2d.git"
"iceoryx_bug";"https://github.com/ceccocats/iceoryx_bug.git"
"aws-deepracer-offroad-sample-project";"https://github.com/aws-deepracer/aws-deepracer-offroad-sample-project.git"
"3_wheel_robot";"https://github.com/SuaPiamsuk/3_wheel_robot.git"
"AutoDriving-Planning-Control-Algorithm-Simulation-Carla";"https://github.com/L5Player/AutoDriving-Planning-Control-Algorithm-Simulation-Carla.git"
"capstonerobot_ws";"https://github.com/jwyeeh-dev/capstonerobot_ws.git"
"yolov5";"https://github.com/open-shade/yolov5.git"
"controls";"https://github.com/berkeleyauv/controls.git"
"iRC_ROS";"https://github.com/CommonplaceRobotics/iRC_ROS.git"
"cozmo_driver_ros2";"https://github.com/FurqanHabibi/cozmo_driver_ros2.git"
"punyo-bubble-kit";"https://github.com/TRI-DNA/punyo-bubble-kit.git"
"class_activities_and_resources";"https://github.com/comprobo22/class_activities_and_resources.git"
"heartbeat";"https://github.com/nstathou/heartbeat.git"
"SESARS_Labs";"https://github.com/KristofferMoevik/SESARS_Labs.git"
"VEXU_GHOST";"https://github.com/VEXU-GHOST/VEXU_GHOST.git"
"spot_ros2";"https://github.com/bdaiinstitute/spot_ros2.git"
"Omron_TM_ROS2";"https://github.com/OmronAPAC/Omron_TM_ROS2.git"
"rbe_500";"https://github.com/donelanp/rbe_500.git"
"ros_cookbook";"https://github.com/Natsu-Akatsuki/ros_cookbook.git"
"autonav_software_2023";"https://github.com/SoonerRobotics/autonav_software_2023.git"
"image-transport-benchmarking";"https://github.com/KDharmarajanDev/image-transport-benchmarking.git"
"learning-ros";"https://github.com/RoboticsClubIITJ/learning-ros.git"
"RMR2122_ROVERandINTERFACE_sourcecode";"https://github.com/RezaErshadi/RMR2122_ROVERandINTERFACE_sourcecode.git"
"ROS2Robot";"https://github.com/WundtAsim/ROS2Robot.git"
"dev_ws";"https://github.com/cwc2023/dev_ws.git"
"autonav_software_2024";"https://github.com/SoonerRobotics/autonav_software_2024.git"
"ros2bag_switch";"https://github.com/tier4/ros2bag_switch.git"
"cu-arc-21-22";"https://github.com/CUAutoDrone/cu-arc-21-22.git"
"Submarine_Capstone";"https://github.com/jacobcwildes/Submarine_Capstone.git"
"IXR_ROS_Files";"https://github.com/vikp6/IXR_ROS_Files.git"
"zumopi_telemetry_system";"https://github.com/renatof25/zumopi_telemetry_system.git"
"2021-tfg-carlos-caminero";"https://github.com/RoboticsLabURJC/2021-tfg-carlos-caminero.git"
"findChessBot";"https://github.com/aminballoon/findChessBot.git"
"vacuumcleaner";"https://github.com/williamnagels/vacuumcleaner.git"
"Autonomous-Poop-Collection-Robot";"https://github.com/JinkaiQiu/Autonomous-Poop-Collection-Robot.git"
"object-map-server";"https://github.com/Maik13579/object-map-server.git"
"mpcc_planner";"https://github.com/Osama-Ramadan/mpcc_planner.git"
"robot_ws";"https://github.com/verdiluca/robot_ws.git"
"dnt_ros_proxy";"https://github.com/Wollwolke/dnt_ros_proxy.git"
"Bedman-Trekker";"https://github.com/YapiraUFPR/Bedman-Trekker.git"
"ros2_galactic_tutorials";"https://github.com/shoufei403/ros2_galactic_tutorials.git"
"tello-dev";"https://github.com/OSLL/tello-dev.git"
"ros2-yolox-python";"https://github.com/thianlianben-gs/ros2-yolox-python.git"
"aichallenge2023-integration-final";"https://github.com/AutomotiveAIChallenge/aichallenge2023-integration-final.git"
"cad-self-driving";"https://github.com/ulstu/cad-self-driving.git"
"autonomous_excavator";"https://github.com/FattahHanafi/autonomous_excavator.git"
"brc_arm_ws";"https://github.com/boilerrobotics/brc_arm_ws.git"
"racecar-arpan-kumar";"https://github.com/MITLLRacecar/racecar-arpan-kumar.git"
"ros_ws";"https://github.com/siddhamruth/ros_ws.git"
"eflatun_src";"https://github.com/sezer-muhammed/eflatun_src.git"
"graduation_project";"https://github.com/Shorouk99/graduation_project.git"
"ck_utilities_ros2_py_node";"https://github.com/frcteam195/ck_utilities_ros2_py_node.git"
"bluetech_simulation";"https://github.com/shadinaguib/bluetech_simulation.git"
"casadi_vio";"https://github.com/RileyFranklin/casadi_vio.git"
"ROS2_learning";"https://github.com/dottantgal/ROS2_learning.git"
"robocar";"https://github.com/mdlopezme/robocar.git"
"drl_grasping";"https://github.com/AndrejOrsula/drl_grasping.git"
"px4-container";"https://github.com/kestr31/px4-container.git"
"ROS2_edu";"https://github.com/RLmodel/ROS2_edu.git"
"subsumption";"https://github.com/tnoinkwms/subsumption.git"
"EllieHumanoid";"https://github.com/Gin-TrungSon/EllieHumanoid.git"
"modified_ros2_examples";"https://github.com/ksato-dev/modified_ros2_examples.git"
"ROS2-Self-Driving-Car-AI-using-OpenCV";"https://github.com/noshluk2/ROS2-Self-Driving-Car-AI-using-OpenCV.git"
"teaching";"https://github.com/LCAS/teaching.git"
"Create3_ROS2_Private";"https://github.com/KhounborineII/Create3_ROS2_Private.git"
"suave";"https://github.com/kas-lab/suave.git"
"Jellyfish-with-Robotics";"https://github.com/lacie-life/Jellyfish-with-Robotics.git"
"orca3";"https://github.com/clydemcqueen/orca3.git"
"slide_show";"https://github.com/ros2/slide_show.git"
"examples";"https://github.com/ros2/examples.git"
"crazychoir";"https://github.com/OPT4SMART/crazychoir.git"
"SofAR_Assignment1";"https://github.com/LoreBene99/SofAR_Assignment1.git"
"ros2-practice";"https://github.com/EnesAgirman/ros2-practice.git"
"ros2_torch_trt";"https://github.com/NVIDIA-AI-IOT/ros2_torch_trt.git"
"sucatas";"https://github.com/jpalves/sucatas.git"
"orca4";"https://github.com/clydemcqueen/orca4.git"
"280-M5_ROS";"https://github.com/thulsonASU/280-M5_ROS.git"
"SER515-Spring22-Team2";"https://github.com/07sainishanth/SER515-Spring22-Team2.git"
"atividades-inteli";"https://github.com/paulo-evangelista/atividades-inteli.git"
"MateBot";"https://github.com/oliverruoff/MateBot.git"
"EB23";"https://github.com/turag-ev/EB23.git"
"Kinova-Torque-Control";"https://github.com/phuicy/Kinova-Torque-Control.git"
"Capstone467";"https://github.com/WHK-Scbert/Capstone467.git"
"ros2_yolov5_webcam";"https://github.com/junmeng6025/ros2_yolov5_webcam.git"
"self_driving_car";"https://github.com/chch1019/self_driving_car.git"
"roverrobotics_ros2";"https://github.com/RoverRobotics/roverrobotics_ros2.git"
"monicar";"https://github.com/zeta0707/monicar.git"
"AutonomouRoboticsIndependentStudy";"https://github.com/MattP34/AutonomouRoboticsIndependentStudy.git"
"olv_imu_playground_py";"https://github.com/olive-robotics/olv_imu_playground_py.git"
"geometry2";"https://github.com/ros2/geometry2.git"
"HomeDirect_ws";"https://github.com/Lorenzuser/HomeDirect_ws.git"
"IROS_f1tenth";"https://github.com/jetag/IROS_f1tenth.git"
"openvmp";"https://github.com/openvmp/openvmp.git"
"my_robot_controller";"https://github.com/EnesAgirman/my_robot_controller.git"
"hadabot_main";"https://github.com/hadabot/hadabot_main.git"
"gaggumV2";"https://github.com/nowsang/gaggumV2.git"
"f1tenth-rewrite";"https://github.com/pokusew/f1tenth-rewrite.git"
"youbot";"https://github.com/ctruillet/youbot.git"
"R2D2";"https://github.com/ricoai/R2D2.git"
"zuuu_hal";"https://github.com/pollen-robotics/zuuu_hal.git"
"py_trees_ros_viewer";"https://github.com/splintered-reality/py_trees_ros_viewer.git"
"ros2_tms_for_construction";"https://github.com/irvs/ros2_tms_for_construction.git"
"ros-autonomous-driving-project";"https://github.com/kkggee/ros-autonomous-driving-project.git"
"ros2cli";"https://github.com/ros2/ros2cli.git"
"fra333_lab2";"https://github.com/s3mons/fra333_lab2.git"
"Autoware_On_Embedded";"https://github.com/rubis-lab/Autoware_On_Embedded.git"
"robot-repo-1";"https://github.com/addinedu-amr-2th/robot-repo-1.git"
"audioROS";"https://github.com/LCAV/audioROS.git"
"workcell_manager";"https://github.com/AD-SDL/workcell_manager.git"
"SIT310";"https://github.com/Jaysun11/SIT310.git"
"2023WaterCode";"https://github.com/MATE-Leviathan/2023WaterCode.git"
"Ultima";"https://github.com/RIT-MDRC/Ultima.git"
"ros2eloquent_moveit_ws";"https://github.com/iamrajee/ros2eloquent_moveit_ws.git"
"racecar-parth-kocheta";"https://github.com/MITLLRacecar/racecar-parth-kocheta.git"
"TurtleBot4Lessons";"https://github.com/turtlebot/TurtleBot4Lessons.git"
"blueye-ros2-pkg";"https://github.com/labust/blueye-ros2-pkg.git"
"ros2_kafka_bridge";"https://github.com/endre90/ros2_kafka_bridge.git"
"rosbag2";"https://github.com/ros2/rosbag2.git"
"navigator";"https://github.com/Nova-UTD/navigator.git"
"LPAstar-PF";"https://github.com/sudogauss/LPAstar-PF.git"
"realsense-ros";"https://github.com/IntelRealSense/realsense-ros.git"
"robot_Docker";"https://github.com/shirleyzzr1/robot_Docker.git"
"pf400_module_ros";"https://github.com/AD-SDL/pf400_module_ros.git"
"NYU-RoboMaster-Capstone-demos";"https://github.com/Gaurang-1402/NYU-RoboMaster-Capstone-demos.git"
"djhrd_ros2";"https://github.com/kimsooyoung/djhrd_ros2.git"
"velmwheel";"https://github.com/RCPRG-ros-pkg/velmwheel.git"
"Riley_ARMinor_2022";"https://github.com/fontysrobotics/Riley_ARMinor_2022.git"
"handsonros2";"https://github.com/slowrunner/handsonros2.git"
"jetbot-ros2";"https://github.com/jdgalviss/jetbot-ros2.git"
"birfen-staj";"https://github.com/huso987/birfen-staj.git"
"underwater_robot_sensors";"https://github.com/phamquandung/underwater_robot_sensors.git"
"racecar-steven-lei";"https://github.com/MITLLRacecar/racecar-steven-lei.git"
"133a-project";"https://github.com/CBlagden/133a-project.git"
"rosbot-on-gopigo3";"https://github.com/slowrunner/rosbot-on-gopigo3.git"
"QUTMS_Nav_Integration";"https://github.com/QUT-Motorsport/QUTMS_Nav_Integration.git"
"openai_ros2";"https://github.com/siw-engineering/openai_ros2.git"
"bitbots_misc";"https://github.com/bit-bots/bitbots_misc.git"
"hongbomiao.com";"https://github.com/hongbo-miao/hongbomiao.com.git"
"ros2-unity-turtlebot3";"https://github.com/bmaxdk/ros2-unity-turtlebot3.git"
"base-gps-ntrip";"https://github.com/rogoz-polska/base-gps-ntrip.git"
"ds4_driver";"https://github.com/naoki-mizuno/ds4_driver.git"
"rmf-web";"https://github.com/open-rmf/rmf-web.git"
"ros2_create3_examples";"https://github.com/gjf2a/ros2_create3_examples.git"
"ROS2_Projects";"https://github.com/MOHZAK93/ROS2_Projects.git"
"ros2_deepstream";"https://github.com/NVIDIA-AI-IOT/ros2_deepstream.git"
"autonomous";"https://github.com/UOA-FSAE/autonomous.git"
"jetson-rrbotcam";"https://github.com/elsayedelsheikh/jetson-rrbotcam.git"
"tutorials";"https://github.com/MonashNovaRover/tutorials.git"
"ws23-person-following";"https://github.com/HBRS-SDP/ws23-person-following.git"
"rmoss_core";"https://github.com/robomaster-oss/rmoss_core.git"
"A1";"https://github.com/AditJainn/A1.git"
"PucksInDeep";"https://github.com/zacharyrodwatkins/PucksInDeep.git"
"kenning";"https://github.com/antmicro/kenning.git"
"FinalYearProjectRosWorkSpace";"https://github.com/AndrewFelton23/FinalYearProjectRosWorkSpace.git"
"What_is_this";"https://github.com/hw2ny1/What_is_this.git"
"ROS2_Robotino";"https://github.com/SkyloveQiu/ROS2_Robotino.git"
"Projet-A4";"https://github.com/ThomasMarcal/Projet-A4.git"
"ros2_trt_pose_hand";"https://github.com/NVIDIA-AI-IOT/ros2_trt_pose_hand.git"
"turtlebotcontroller";"https://github.com/angrysine/turtlebotcontroller.git"
"ROS2_Robotino-release";"https://github.com/ros2-gbp/ROS2_Robotino-release.git"
"book_ros2";"https://github.com/fmrico/book_ros2.git"
"waypoint";"https://github.com/jihoonl/waypoint.git"
"ROB550_Arm_Lab";"https://github.com/MRHan-426/ROB550_Arm_Lab.git"
"rmf_demos";"https://github.com/open-rmf/rmf_demos.git"
"racecar-mehul-rao";"https://github.com/MITLLRacecar/racecar-mehul-rao.git"
"pcdet-note";"https://github.com/HuangCongQing/pcdet-note.git"
"riptide_core";"https://github.com/osu-uwrt/riptide_core.git"
"MaskRCNN_ROS2";"https://github.com/guni9191/MaskRCNN_ROS2.git"
"project_crazyflie_gates";"https://github.com/aerostack2/project_crazyflie_gates.git"
"rbe500-group-project";"https://github.com/arjangupta/rbe500-group-project.git"
"custom_mycobot";"https://github.com/Safeheaded/custom_mycobot.git"
"UofI_AdvRobotics";"https://github.com/grwells/UofI_AdvRobotics.git"
"collaborative-sats";"https://github.com/frank20a/collaborative-sats.git"
"Docker-Master";"https://github.com/shirleyzzr1/Docker-Master.git"
"rosbag2_composable_recorder";"https://github.com/berndpfrommer/rosbag2_composable_recorder.git"
"mycobot_ros2";"https://github.com/elephantrobotics/mycobot_ros2.git"
"CompRobo-Warmup-Project";"https://github.com/MihirV17/CompRobo-Warmup-Project.git"
"Project3";"https://github.com/Team6-WallE/Project3.git"
"smpc";"https://github.com/kaustabpal/smpc.git"
"spherorvr-ros2";"https://github.com/lomori/spherorvr-ros2.git"
"allassignmens-34";"https://github.com/RUB-AVAI-22/allassignmens-34.git"
"sandwich-bot-2";"https://github.com/TW-Gazebo/sandwich-bot-2.git"
"rosflight_ros_pkgs";"https://github.com/rosflight/rosflight_ros_pkgs.git"
"nav2_trees";"https://github.com/naveedhd/nav2_trees.git"
"grandprix";"https://github.com/MoCAM-ResearchGroup/grandprix.git"
"ros2_tms";"https://github.com/irvs/ros2_tms.git"
"Self-driving_car_using_ROS2_and_openCV";"https://github.com/lazyxcientist/Self-driving_car_using_ROS2_and_openCV.git"
"embedded-world-demo-zenoh-flow";"https://github.com/gabrik/embedded-world-demo-zenoh-flow.git"
"r2d2_ros2";"https://github.com/kei1107/r2d2_ros2.git"
"LGSVL_AutowareAi_reinforced_learning";"https://github.com/Chotaro-0322/LGSVL_AutowareAi_reinforced_learning.git"
"Perception";"https://github.com/ViscaElAyush/Perception.git"
"slam_dtu";"https://github.com/Wojcik98/slam_dtu.git"
"ros_network_viz";"https://github.com/ros2/ros_network_viz.git"
"ROS2-Ultimate-learners-Repository";"https://github.com/noshluk2/ROS2-Ultimate-learners-Repository.git"
"person_following_robot";"https://github.com/malwaru/person_following_robot.git"
"tmr_ros2";"https://github.com/TechmanRobotInc/tmr_ros2.git"
"ROS2-basics";"https://github.com/HashikaChathubhashaka/ROS2-basics.git"
"pointing-user-interface-hri";"https://github.com/Gabry993/pointing-user-interface-hri.git"
"control_quadrupeds_soft_contacts";"https://github.com/ddebenedittis/control_quadrupeds_soft_contacts.git"
"tonie_box_clone";"https://github.com/FelixTheC/tonie_box_clone.git"
"lego_ros_droid";"https://github.com/camwolff02/lego_ros_droid.git"
"Self-Balancing-Robot";"https://github.com/giulioturrisi/Self-Balancing-Robot.git"
"Autonomous_Navigation";"https://github.com/HarjotMangat/Autonomous_Navigation.git"
"agv_task";"https://github.com/Raj06aryan/agv_task.git"
"B1Py";"https://github.com/Rooholla-KhorramBakht/B1Py.git"
"ai_master_ros";"https://github.com/erodios/ai_master_ros.git"
"turtlebotNav";"https://github.com/Chelseacax/turtlebotNav.git"
"ros_acoustics";"https://github.com/ERC-BPGC/ros_acoustics.git"
"hsa-planar-control";"https://github.com/tud-cor-sr/hsa-planar-control.git"
"webots_ros2_spot";"https://github.com/MASKOR/webots_ros2_spot.git"
"ROS2-Python-Udemy";"https://github.com/erenkarakis/ROS2-Python-Udemy.git"
"phidget_spatial";"https://github.com/tiiuae/phidget_spatial.git"
"ros2_21_tutorials";"https://github.com/guyuehome/ros2_21_tutorials.git"
"cdfr";"https://github.com/robotique-ecam/cdfr.git"
"turtlebot4_tutorials";"https://github.com/turtlebot/turtlebot4_tutorials.git"
"TF-AEROSCALE";"https://github.com/ThunderFly-aerospace/TF-AEROSCALE.git"
"tijmen_graduation";"https://github.com/dobots/tijmen_graduation.git"
"yasmin";"https://github.com/uleroboticsgroup/yasmin.git"
"gsrobotics";"https://github.com/gelsightinc/gsrobotics.git"
"ros_labs";"https://github.com/Sovego/ros_labs.git"
"follow-the-leader";"https://github.com/OSUrobotics/follow-the-leader.git"
"F1TenthRacingROS";"https://github.com/BDEvan5/F1TenthRacingROS.git"
"jetbot_ros2";"https://github.com/rosterloh/jetbot_ros2.git"
"angel_system";"https://github.com/PTG-Kitware/angel_system.git"
"jupyter-ros";"https://github.com/RoboStack/jupyter-ros.git"
"depthai_sdk";"https://github.com/moratom/depthai_sdk.git"
"AUVControl";"https://github.com/Islamwael-1999/AUVControl.git"
"ros-g29-force-feedback";"https://github.com/kuriatsu/ros-g29-force-feedback.git"
"detic_onnx_ros2";"https://github.com/OUXT-Polaris/detic_onnx_ros2.git"
"lightrover_ros2";"https://github.com/vstoneofficial/lightrover_ros2.git"
"allassignmens-32";"https://github.com/RUB-AVAI-22/allassignmens-32.git"
"ROS_car_project";"https://github.com/NorwegianIcecube/ROS_car_project.git"
"autonomyOP-BobROS-";"https://github.com/AscendNTNU/autonomyOP-BobROS-.git"
"ifm3d-ros2";"https://github.com/ifm/ifm3d-ros2.git"
"ASBIR";"https://github.com/aralab-unr/ASBIR.git"
"dg_tutorial_with_turtlesim";"https://github.com/machines-in-motion/dg_tutorial_with_turtlesim.git"
"universal_robot_ign";"https://github.com/gezp/universal_robot_ign.git"
"allassignmens-35";"https://github.com/RUB-AVAI-22/allassignmens-35.git"
"ros2_tutorials";"https://github.com/zhangrelay/ros2_tutorials.git"
"Tufts_Create3_Examples";"https://github.com/tuftsceeo/Tufts_Create3_Examples.git"
"Inspectron";"https://github.com/2023M6T2-Inteli/Inspectron.git"
"kuka-ido";"https://github.com/g-mol/kuka-ido.git"
"plugin-object-detector";"https://github.com/gemblerz/plugin-object-detector.git"
"enpm809e_final_spring2023";"https://github.com/llDev-Rootll/enpm809e_final_spring2023.git"
"Self-Driving-and-ROS-2-Learn-by-Doing-Odometry-Control";"https://github.com/AntoBrandi/Self-Driving-and-ROS-2-Learn-by-Doing-Odometry-Control.git"
"comprobo-warmup";"https://github.com/EarlJr53/comprobo-warmup.git"
"mi_robot_navegacion";"https://github.com/Robotica-202310-Dream-Team/mi_robot_navegacion.git"
"Teleoperation-Phenom";"https://github.com/alkatra/Teleoperation-Phenom.git"
"f1tenth_ws";"https://github.com/CL2-UWaterloo/f1tenth_ws.git"
"DEIS2020";"https://github.com/gingrul/DEIS2020.git"
"deep_quintic";"https://github.com/bit-bots/deep_quintic.git"
"ROS2-BDI";"https://github.com/devis12/ROS2-BDI.git"
"rosbridge_suite";"https://github.com/RobotWebTools/rosbridge_suite.git"
"SS23_Assignment_BehaviorTree";"https://github.com/HBRS-AMR/SS23_Assignment_BehaviorTree.git"
"pkg_ws";"https://github.com/YuehChuan/pkg_ws.git"
"nav2_kit";"https://github.com/Wataru-Oshima-Tokyo/nav2_kit.git"
"pymoveit2";"https://github.com/AndrejOrsula/pymoveit2.git"
"local_planning_performance_modelling";"https://github.com/AIRLab-POLIMI/local_planning_performance_modelling.git"
"DIANA-Gym";"https://github.com/Anatr1/DIANA-Gym.git"
"topic_tools";"https://github.com/ros-tooling/topic_tools.git"
"human_detection";"https://github.com/rionehome/human_detection.git"
"demos";"https://github.com/ros2/demos.git"
"ros2_ws";"https://github.com/raul2222/ros2_ws.git"
"robot_fingers";"https://github.com/open-dynamic-robot-initiative/robot_fingers.git"
"SME-Lab";"https://github.com/Jamshid-Ganiev/SME-Lab.git"
"ros2_point_robot_simulator";"https://github.com/proroklab/ros2_point_robot_simulator.git"
"nfr_ros";"https://github.com/NorthernForce/nfr_ros.git"
"ws-my_ros2_practice";"https://github.com/pepelepew71/ws-my_ros2_practice.git"
"docker-sample";"https://github.com/Rafat97/docker-sample.git"
"f1tenth_slam_pure_pursuit";"https://github.com/ngurnard/f1tenth_slam_pure_pursuit.git"
"duckietown2";"https://github.com/lgsvl/duckietown2.git"
"rmf_traffic_editor-release";"https://github.com/nuclearsandwich-ros/rmf_traffic_editor-release.git"
"rae-ros";"https://github.com/luxonis/rae-ros.git"
"RoboCup2022RVRL_Demo";"https://github.com/RoboCup-RSVRL/RoboCup2022RVRL_Demo.git"
"ITI_Robotics_Course2022";"https://github.com/H3EsAwY/ITI_Robotics_Course2022.git"
"respeaker_ros";"https://github.com/hcrlab/respeaker_ros.git"
"autodrive_app";"https://github.com/StuLog/autodrive_app.git"
"ros2_brickpi3";"https://github.com/artificiell/ros2_brickpi3.git"
"Triton-AI-Racer-ROS2";"https://github.com/Triton-AI/Triton-AI-Racer-ROS2.git"
"shakeit";"https://github.com/SHOP4CF/shakeit.git"
"LaserRunnerRemoval";"https://github.com/CA-rvinson/LaserRunnerRemoval.git"
"FLARE";"https://github.com/kestr31/FLARE.git"
"ROSCar_on_PYNQ";"https://github.com/s095339/ROSCar_on_PYNQ.git"
"vgc10_ros2_drivers";"https://github.com/alexandrosnic/vgc10_ros2_drivers.git"
"smart-home";"https://github.com/AssistiveRoboticsUNH/smart-home.git"
"EMLI-16";"https://github.com/k0ngen/EMLI-16.git"
"PECORE";"https://github.com/VictorEscribano/PECORE.git"
"autonomous-robot-vacuum";"https://github.com/ayushchakra/autonomous-robot-vacuum.git"
"ROS2_tutorial";"https://github.com/MostafaELFEEL/ROS2_tutorial.git"
"ros_amr_interop";"https://github.com/inorbit-ai/ros_amr_interop.git"
"rob599r2";"https://github.com/OSUrobotics/rob599r2.git"
"Isaac_Sim_Folder";"https://github.com/swadaskar/Isaac_Sim_Folder.git"
"tello_socket";"https://github.com/eduardocastro2/tello_socket.git"
"rover-code";"https://github.com/boilerrobotics/rover-code.git"
"Mobile-Robotics";"https://github.com/KaiwenJon/Mobile-Robotics.git"
"RoboFuzz";"https://github.com/sslab-gatech/RoboFuzz.git"
"MEIA-PROJ4";"https://github.com/reiid00/MEIA-PROJ4.git"
"ChatRoboTaxi";"https://github.com/Gaurang-1402/ChatRoboTaxi.git"
"autonomous_furniture";"https://github.com/epfl-lasa/autonomous_furniture.git"
"learn-BTs-from-demo";"https://github.com/matiov/learn-BTs-from-demo.git"
"nav2";"https://github.com/tars3017/nav2.git"
"HOTPOT_22";"https://github.com/WUyinwei-hah/HOTPOT_22.git"
"ros2_demo";"https://github.com/bugquella/ros2_demo.git"
"dev_sts_pi";"https://github.com/AidenNeale/dev_sts_pi.git"
"AutoDRRT";"https://github.com/IEIAuto/AutoDRRT.git"
"ROS-SLAM-ALGORITHM-";"https://github.com/Victorvikson1996/ROS-SLAM-ALGORITHM-.git"
"eWolf_ROS2";"https://github.com/elmexx/eWolf_ROS2.git"
"rospy2";"https://github.com/dheera/rospy2.git"
"fitrobot";"https://github.com/fitfabsw/fitrobot.git"
"robot-nav";"https://github.com/Rahul-1337/robot-nav.git"
"ROS2_exercises";"https://github.com/tchoopojcharoen/ROS2_exercises.git"
"local_planner_student";"https://github.com/m0rph03nix/local_planner_student.git"
"edna2023";"https://github.com/RoboEagles4828/edna2023.git"
"ROS2swarm";"https://github.com/ROS2swarm/ROS2swarm.git"
"myROS2";"https://github.com/lkk688/myROS2.git"
